Title,Tags
How do ads work?,Advertising
How does advertising work?,Advertising
Where do I get a key for the Advertiser API?,API
Is the ads API free to use?,Advertising
How do I manage my ads?,Advertising
How does ad targeting work?,Advertising
What kind of ads do you allow?,"Advertising,Policy"
What kind of ads violate your guidelines?,"Advertising,Policy"
How do I run targeted ads by location?,Advertising
How do I target ads by community?,Advertising
How do I target ads by time of day?,Advertising
How do I track my ad campaign?,Advertising
Issues with tracking my advertising campaign.,Advertising
How do I change my ad metrics?,Advertising
How do I view my ad specifications?,Advertising
How do I change my ad specifications?,Advertising
I'm not able to launch my ad campaign.,Advertising
I'm not able to launch my advertising campaign.,Advertising
Why can't I delete my advertising campaign?,Advertising
What do low impressions mean for my ad campaign?,Advertising
Why is my ad campaign getting low impressions?,Advertising
How do I decide on a good cpc bid for my advertising campaign?,Advertising
How do I choose the best budget for my ad campaign?,Advertising
Where will my ads be displayed?,Advertising
How do you monitor fraudulent clicks on ads?,Advertising
How do I disable ads?,Advertising(user)
Why is adblock not allowed?,"Advertising(user),Policy"
Why is ublock not allowed?,"Advertising(user),Policy"
Why am I not allowed to run any ad blockers while browsing the site?,"Advertising(user),Policy"
Why is privacy badger not allowed on your site / app?,"Advertising(user),Policy"
Why do I have to pay to have no ads?,"Advertising(user),Policy"
Why do you show me ads?,"Advertising(user),Policy"
I got shown an offensive ad.,Advertising(user)
How do I block ads with offensive content?,Advertising(user)
How can I control what ads are shown at what time?,Advertising
How can I control what ads I see?,Advertising(user)
How can I control what ads the users see?,Advertising
I'm getting shown too many ads.,Advertising(user)
Why am I not able to disable ads?,Advertising(user)
How do I change or reset my password?,Account
What should I do if I forget my password?,Account
What should I do if my account is hacked?,Account
Why am I not able to change my account name?,Account
Why am I not able to change the e-mail associated with my account?,Account
How do I change my e-mail address?,Account
How do I change my mobile number?,Account
How do I change my no.?,Account
How do I change my number?,Account
Can I use my mobile number to login?,Account
Will I lose all my posts if I deactivate my account?,Account
How do I delete my account?,Account
How do I control e-mail  and notification?,Account
How do I tweak my privacy settings?,Account
How do I block people from viewing my profile?,Account
How do I hide my profile from others?,Account
How do I change my profile picture?,Account
Why do I have to use my real name for my profile?,Account
Why was I banned?,Account
How do I challenge an account ban?,Account
How do I report someone?,Activity
What happens if I get reported?,Activity
I was reported.,Activity
How do I manage my privacy?,Account
How do I reset my account settings?,Account
How do I cancel my premium membership?,Account
What are the benefits of being a premium member?,Account
How do I upgrade to a premium account?,Account
How do I downgrade to a regular account?,Account
How do I block a user?,Activity
How do I report a user for offensive content?,Activity
Can I report a user for offensive content?,Activity
How to unblock a user?,Activity
How do I message someone?,Activity
How do I archive my messages?,Activity
How do I archive my posts?,Activity
How do I post videos as part of my posts?,Activity
Can I report a post?,Activity
What rules should I keep in mind while posting stuff?,Activity
How do I merge 2 questions?,Activity
Why am I not able to post a question?,Activity
Why am I not able to post an answer?,Activity
Why am I not able to message a user?,Activity
Why am I not able to answer a question?,Activity
Why am i not able to ask a question?,Activity
What should I do if someone spams my inbox?,Activity
How do I appeal an unfair report against my post?,Activity
How do I cancel a report I made against a post?,Activity
Can I archive and download all my posts?,Activity
How do I format a post?,Activity
How do I format an answer?,Activity
How do I share an answer?,Activity
How do I share a post?,Activity
Can I archive and download all my answers?,Activity
How do I unmerge 2 questions?,Activity
How do I save my bank account details?,Account
How do I save my credit card to my account?,Account
How do I save my debit card?,Account
How does someone delete a shared post?,Activity
How do I delete my payment details?,Account
How do I purchase gold?,Activity
How do I award gold to a post?,Activity
How do I award gold to a question?,Activity
How do I view my upvoted posts?,Activity
How do I view all my answers?,Activity
How do I view my comments?,Activity
Why are underaged audience not allowed to create an account?,Policy
Why are audience below 13 not allowed?,Policy
What things are considered while banning a user?,Policy
What is your process to review reported posts?,Policy
How are reported posts reviewed?,Policy
How are challenges to account bans handled?,Policy
What steps are taken to review challenges to account bans?,Policy
What data about users is stored?,Policy
Do you monitor users' activity?,Policy
Do you share user data with 3rd parties?,Policy
Do third parties get access to user data?,Policy
What is your policy regarding user data?,Policy
What part of my content do you allow search engine to index?,Policy
Do you disclose user information to law enforcement when required?,Policy
Do you disclose user information to government agencies when required?,Policy
What user privacy laws do you  follow?,Policy
What do you do with an account when the user passes away?,Policy
What happens to an account if the user dies?,Policy
Why are number of upvotes on a post not shown on my feed?,Policy
How are answers to a question ranked?,Policy
How are comments on a post ranked?,Policy
How are comments on an answer ranked?,Policy
What are posts?,General
What are upvotes?,General
What are downvotes?,General
What does archiving a post do?,General
What does archiving an answer do?,General
How do I join a user space?,Activity
What is a user space?,General
What is the difference between a user space and a group?,General
How do I create a group?,Activity
How do I join a group?,Activity
What is gold?,General
What is the Developer API?,General
What is the Advertiser API?,General
What is an API key?,General
Why do I need a key to use the API?,Policy
What are groups?,General
When should I award gold to a post or answer?,General
Why should I award gold to a post?,General
Why should I upvote a post?,General
When should I upvote a post?,General
When should I upvote an answer?,General
What is the difference between a post and a question?,General
Difference between post and answer?,General
When should I downvote an answer?,General
When should I share a post?,General
When should I report a user?,General
When should I report an answer?,General
Why should I report an offensive post?,General
What does reporting a user do?,General
What does blocking a user do?,General
Difference between developer API and advertiser API.,API
Where do I get a key for the Developer API?,API
How long is my API key valid?,API
What is the limit for requests sent using my API key?,API
How do I request a new API key?,API
How do I increase the number of requests i can make using my API key?,API
Can I share my API key with someone?,"API,Policy"
Can I share my account with someone?,Policy
Why can't I share my account with someone?,Policy
What kind of data can be retrieved using the API?,API
What can be done using the API?,API
How do I renew an API key?,API
What is an Application ID?,API
Why do I need an Application ID?,"API,Policy"
What is an API?,General
When should I use an API?,General
How far is it from this road to the next?,Spam
Who was Galileo?,Spam
What is an atom?,Spam
When did India become a country?,Spam
What is a biosphere?,Spam
What is epilepsy?,Spam
What is the average weight of a Yellow Labrador?,Spam
What year did the Titanic sink?,Spam
What is the proper name for a female walrus?,Spam
What is this site for?,General
When was this site created?,General
Why was this site created?,General
What make's you unique?,General
What is a micron?,Spam
What color is a poison arrow frog?,Spam
Who is a German philosopher?,Spam
Who owns this site?,General
What is a supernova?,Spam
Who is the tallest man in the world?,Spam
What currency do they use in Brazil?,Spam
How much do fruit cost?,Spam
Why was the Statue of Liberty created?,Spam
Why was communism founded?,Spam
Who owns the Taj Mahal?,Spam
When was the Taj Mahal created?,Spam
What makes the Taj Mahal unique?,Spam
What makes Brazil unique?,Spam
What makes the Statue of Liberty unique?,Spam
What color are crickets?,Spam
Bracketing with ISO or exposure time?,Spam
What's a good Nikon lens (DX) for a serious hobbyist landscape photographer?,Spam
How do disposable cameras work without exposure and focus control?,Spam
"In Auto white balance, why the reference is always taken as neutral colors like gray or white?",Spam
Difference between China and Brazil?,Spam
Why should I purchase a phone?,Spam
What is a house key?,Spam
Why is this site so bad?,Spam
Why do people even use this site?,Spam
Why does this site even exist?,Spam
Why are users on this site so bad?,Spam
Why are users on this site so dumb?,Spam
Why is the API so terrible?,Spam
What is the difference between an API key and a door key?,Spam
Will buying gold make me rich? ,Spam
Can I have the gold delivered to my house?,Spam
Can I buy diamonds instead of gold?,Spam
