id,question,tags
1,"How did serfdom develop in and then leave Russia ?
","description (manner), ele"
2,"What films featured the character Popeye Doyle ?
","entity (creative), ele"
3,"How can I find a list of celebrities ' real names ?
","description (manner),ele"
4,"What fowl grabs the spotlight after the Chinese Year of the Monkey ?
","entity (animal)"
5,"What is the full form of .com ?
","abbreviation (expression)"
6,"What contemptible scoundrel stole the cork from my lunch ?
","human (individual)"
7,"What team did baseball 's St. Louis Browns become ?
","human (group)"
8,"What is the oldest profession ?
","human (title)"
9,"What are liver enzymes ?
","description (definition)"
10,"Name the scar-faced bounty hunter of The Old West .
","human (individual)"
11,"When was Ozzy Osbourne born ?
","numeric (date)"
12,"Why do heavier objects travel downhill faster ?
","description (reason)"
13,"Who was The Pride of the Yankees ?
","human (individual)"
14,"Who killed Gandhi ?
","human (individual)"
15,"What is considered the costliest disaster the insurance industry has ever faced ?
","entity (event)"
16,"What sprawling U.S. state boasts the most airports ?
","location (state)"
17,"What did the only repealed amendment to the U.S. Constitution deal with ?
","description (description)"
18,"How many Jews were executed in concentration camps during WWII ?
","numeric (count)"
19,"What is `` Nine Inch Nails '' ?
","description (definition)"
20,"What is an annotated bibliography ?
","description (definition)"
21,"What is the date of Boxing Day ?
","numeric (date)"
22,"What articles of clothing are tokens in Monopoly ?
","entity (other)"
23,"Name 11 famous martyrs .
","human (individual)"
24,"What 's the Olympic motto ?
","description (description)"
25,"What is the origin of the name ` Scarlett ' ?
","description (description)"
26,"What 's the second-most-used vowel in English ?
","entity (letter)"
27,"Who was the inventor of silly putty ?
","human (individual)"
28,"What is the highest waterfall in the United States ?
","location (other)"
29,"Name a golf course in Myrtle Beach .
","entity (other)"
30,"Which two states enclose Chesapeake Bay ?
","location (state)"
31,"What does the abbreviation AIDS stand for ?
","abbreviation (expression)"
32,"What does a spermologer collect ?
","entity (other)"
33,"How many points make up a perfect fivepin bowling score ?
","numeric (count)"
34,"Which company that manufactures video-game hardware sells the `` super system '' ?
","human (group)"
35,"How many Community Chest cards are there in Monopoly ?
","numeric (count)"
36,"What do Mormons believe ?
","description (description)"
37,"When did the neanderthal man live ?
","numeric (date)"
38,"In what religion was Isis the nature goddess ?
","entity (religion)"
39,"Where do the adventures of `` The Swiss Family Robinson '' take place ?
","location (other)"
40,"What relative of the racoon is sometimes known as the cat-bear ?
","entity (animal)"
41,"How can I register my website in Yahoo for free ?
","description (manner)"
42,"What was cash-conscious Colonel Edwin L. Drake the first to drill ?
","entity (other)"
43,"How many people in the world speak French ?
","numeric (count)"
44,"How many inches over six feet is the Venus de Milo ?
","numeric (count)"
45,"How do they find or choose witnesses to an execution ?
","description (manner)"
46,"What 1920s cowboy star rode Tony the Wonder Horse ?
","human (individual)"
47,"What cocktail inspired John Doxat to write the book Stirred-Not Shaken ?
","entity (food)"
48,"What ISPs exist in the Caribbean ?
","human (group)"
49,"How do you ask a total stranger out on a date ?
","description (manner)"
50,"What weapon is the mythological character Apollo most proficient with ?
","entity (other)"
51,"What country do the Galapagos Islands belong to ?
","location (country)"
52,"What is ethology ?
","description (definition)"
53,"Who was the prophet of the Muslim people ?
","human (individual)"
54,"Where did the term `` 86ed '' come from ?
","description (description)"
55,"Who is Snoopy 's arch-enemy ?
","human (individual)"
56,"What is the nature of learning ?
","description (definition)"
57,"What 's the only color Johnny Cash wears on stage ?
","entity (color)"
58,"What 's the term for a young fox ?
","entity (term)"
59,"What U.S. state lived under six flags ?
","location (state)"
60,"What is the Kashmir issue ?
","description (definition)"
61,"Where is the Loop ?
","location (other)"
62,"What does `` extended definition '' mean and how would one write a paper on it ?
","description (definition)"
63,"What country 's capital is Tirana ?
","location (country)"
64,"What is titanium ?
","description (definition)"
65,"Who do Herb and Tootsie live next door to ?
","human (individual)"
66,"Which city has the oldest relationship as a sister?city with Los Angeles ?
","location (city)"
67,"What is a caldera ?
","description (definition)"
68,"Why do people get calluses ?
","description (reason)"
69,"What are the names of the tourist attractions in Reims ?
","location (other)"
70,"What are Cushman and Wakefield known for ?
","description (reason)"
71,"What body of water does the Danube River flow into ?
","location (other)"
72,"Who is the founder of Scientology ?
","human (individual)"
73,"What does the six-footed Musca domestica become when it enters a house ?
","entity (other)"
74,"What is the history of skateboarding ?
","description (description)"
75,"Who starred in Singing in the Rain and The Singing Nun ?
","human (individual)"
76,"How do I make fuel bricks from recycled newspaper ?
","description (manner)"
77,"What 19th-century painter died in the Marquesas Islands ?
","human (individual)"
78,"The corpus callosum is in what part of the body ?
","entity (body)"
79,"How do I log on to home page at Headquarters U.S. European Command ?
","description (manner)"
80,"What country did the Nazis occupy for 1 , CD NNS IN NNP NNP NNP .
","location (country)"
81,"What is Nebraska 's most valuable resource ?
","entity (other)"
82,"How many species of the Great White shark are there ?
","numeric (count)"
83,"What is the origin of head lice ?
","description (description)"
84,"What is the nickname for the state of Mississippi ?
","location (state)"
85,"What was the first domesticated bird ?
","entity (animal)"
86,"How many villi are found in the small intestine ?
","numeric (count)"
87,"What country did King Wenceslas rule ?
","location (country)"
88,"What is a fear of shadows ?
","entity (medicine)"
89,"Who were the five Marx brothers ?
","human (individual)"
90,"In which year was New Zealand excluded from the ANZUS alliance ?
","numeric (date)"
91,"When did CNN begin broadcasting ?
","numeric (date)"
92,"What causes the body to shiver in cold temperatures ?
","description (reason)"
93,"What are bear and bull markets ?
","description (definition)"
94,"What J.R.R. Tolkien book features Bilbo Baggins as the central character ?
","entity (creative)"
95,"What is `` dew point '' ?
","description (definition)"
96,"What is the meaning of Jesus ?
","description (definition)"
97,"What company 's logo is a `` W '' in a circle ?
","human (group)"
98,"What is the definition of a cascade ?
","description (definition)"
99,"When did Rococo painting and architecture flourish ?
","numeric (date)"
100,"What country 's national passenger rail system is called Via ?
","location (country)"
101,"Who invented Make-up ?
","human (individual)"
102,"What is the origin of the word `` attic '' ?
","description (description)"
103,"What did Delilah do to Samson 's hair ?
","description (description)"
104,"What kind of animals were in the Paleozoic era ?
","entity (animal)"
105,"Which of the following was Rhodes Scholar ?
","human (individual)"
106,"Who comprised the now-defunct comic book team known as the Champions ?
","human (individual)"
107,"How do you make a paintball ?
","description (manner)"
108,"What U.S. state is Fort Knox in ?
","location (state)"
109,"What is a female rabbit called ?
","entity (animal)"
110,"Where is the highest point in Japan ?
","location (mountain)"
111,"Where do chihuahuas come from ?
","description (description)"
112,"Where does Barney Rubble go to work after he drops Fred off in the `` Flintstones '' cartoon series ?
","location (other)"
113,"What are the world 's four oceans ?
","location (other)"
114,"What 's the only work by Michelangelo that bears his signature ?
","entity (creative)"
115,"What is the largest snake in the world ?
","entity (animal)"
116,"In what medium is Stuart Hamblen considered to be the first singing cowboy ?
","entity (creative)"
117,"Where on the Internet can I find a song lyrics database similar to the International Lyrics Server ?
","location (other)"
118,"How much money does a back injury lawsuit get ?
","numeric (money)"
119,"What 's the common name for acetylsalicylic acid ?
","entity (term)"
120,"What does the Georgetown `` Hoya '' mean ?
","description (definition)"
121,"Where can I find a list of `` classic '' books 5th and 6th graders should read ?
","location (other)"
122,"Which two products use a tiger as their symbol ?
","entity (product)"
123,"How is the election of a new Pope announced to the world ?
","description (manner)"
124,"How long does it take for your blood to make one complete trip through the body ?
","numeric (period)"
125,"How do chickens have baby chicks ?
","description (manner)"
126,"What is the historical relationship of Catholic Church and bingo ?
","description (description)"
127,"How was the element calcium named ?
","description (manner)"
128,"What crooner joined The Andrews Sisters for Pistol Packin Mama ?
","human (individual)"
129,"What piano company claims its product is the `` Instrument of the immortals '' ?
","human (group)"
130,"When did the Bounty mutiny take place ?
","numeric (date)"
131,"What novel inspired the movie BladeRunner ?
","entity (creative)"
132,"What is a transistor ?
","description (definition)"
133,"What is a film starring Jude Law ?
","entity (creative)"
134,"What Hollywood dog died in the arms of Jean Harlow in 1932 ?
","entity (animal)"
135,"What are the most common elements in the Earth 's crust ?
","entity (substance)"
136,"How much would it cost to purchase a 2-foot-square party tent , with sides , ?
","numeric (money)"
137,"What actress has received the most Oscar nominations ?
","human (individual)"
138,"What are equity securities ?
","description (definition)"
139,"What is gymnophobia ?
","description (definition)"
140,"How many years do fossils take to form ?
","numeric (count)"
141,"Where is the Orinoco ?
","location (other)"
142,"What was the name of the `` Little Rascals '' dog ?
","entity (animal)"
143,"What city boasts Penn 's Landing , on the banks of the Delaware river ?
","location (city)"
144,"What Broadway musical was inspired by Cervantes 's Don Quixote ?
","entity (creative)"
145,"What is the origin of the word , JJ .
","description (description)"
146,"How many hostages were killed in the Entebbe raid ?
","numeric (count)"
147,"How you can raise your IQ ?
","description (manner)"
148,"What does INRI stand for when used on Jesus ' cross ?
","abbreviation (expression)"
149,"Who produces Spumante ?
","human (group)"
150,"Who earns their money the hard way ?
","human (individual)"
151,"Who founded the People 's Temple Commune ?
","human (individual)"
152,"What athlete makes the most money from sports merchandise sales ?
","human (individual)"
153,"How many bends are there in a standard paper clip ?
","numeric (count)"
154,"Who discovered electricity ?
","human (individual)"
155,"What part of your body contains the corpus callosum ?
","entity (body)"
156,"Who was the first American in space ?
","human (individual)"
157,"What two South American countries do n't border Brazil ?
","location (country)"
158,"What album put The Beatles on the cover of Time in 1967 ?
","entity (creative)"
159,"What poem contains the line , `` grow old with me the best is yet to be '' .
","entity (creative)"
160,"What is a dental root canal ?
","description (definition)"
161,"What war did the Wanna-Go-Home Riots occur after ?
","entity (event)"
162,"What is the busiest air travel season ?
","numeric (date)"
163,"What 's the colored part of the eye called ?
","entity (body)"
164,"What are hook worms ?
","description (definition)"
165,"Where is the Rose Bowl played ?
","location (other)"
166,"Which Japanese car maker had its biggest percentage of sale in the domestic market ?
","human (group)"
167,"Who is the mayor of Marbella ?
","human (individual)"
168,"What sun-blasted , 14-mile wide valley is just north of the Mojave desert ?
","location (other)"
169,"In what year did Thatcher become prime minister ?
","numeric (date)"
170,"How many months does it take the moon to revolve around the Earth ?
","numeric (count)"
171,"Where are the 49 steps ?
","location (other)"
172,"In what year was De Gaulle elected president of France ?
","numeric (date)"
173,"Who sings the themes for `` Dawson 's Creek '' and `` Felicity '' ?
","human (individual)"
174,"Who directed `` Jaws '' ?
","human (individual)"
175,"On what T.V. show could Tom Terrific be found ?
","entity (creative)"
176,"What Indian tribe is F Troop perpetually doing battle with ?
","human (group)"
177,"Where did Indian Pudding come from ?
","description (description)"
178,"Why do some clothing labels say `` Use a nonchlorine bleach '' ?
","description (reason)"
179,"How many colonies were involved in the American Revolution ?
","numeric (count)"
180,"What is the name of the city that Maurizio Pellegrin lives in ?
","location (city)"
181,"Where can I find pictorial directions on how to build a very simple treehouse ?
","location (other)"
182,"What game 's board shows the territories of Irkutsk , Yakutsk and Kamchatka ?
","entity (sport)"
183,"What is the name of the managing director of Apricot Computer ?
","human (individual)"
184,"What is the occupation of Nicholas Cage ?
","human (title)"
185,"Why do horseshoes bring luck ?
","description (reason)"
186,"What is the 401 , K , plan ?
","description (definition)"
187,"What causes pneumonia ?
","description (reason)"
188,"What are the three winter months in the southern hemisphere ?
","numeric (date)"
189,"What does gringo mean ?
","description (definition)"
190,"What country contains Africa 's northernmost point ?
","location (country)"
191,"What therapy attempts to elicit the `` primal scream '' ?
","entity (medicine)"
192,"Where is the Kalahari desert ?
","location (other)"
193,"Which Ventura County police department seized the largest cocaine shipment in it 's history ?
","human (group)"
194,"What city is sometimes called Gotham ?
","location (city)"
195,"What dangles over the tongue from the palate ?
","entity (body)"
196,"Who created Dennis the Menace ?
","human (individual)"
197,"What dummy received an honorary degree from Northwestern University ?
","human (individual)"
198,"When was the first Wall Street Journal published ?
","numeric (date)"
199,"What countries have the largest areas of forest ?
","location (country)"
200,"How do I start a web based business ?
","description (manner)"
201,"Name Alvin 's brothers
","human (individual)"
202,"What is Eagle 's syndrome styloid process ?
","description (definition)"
203,"How did Jayne Mansfield die ?
","description (manner)"
204,"When did the royal wedding of Prince Andrew and Fergie take place ?
","numeric (date)"
205,"What actor said in A Day at the Races : `` Either he 's dead or my watch has stopped '' ?
","human (individual)"
206,"What explorer was nicknamed Iberia 's Pilot ?
","human (individual)"
207,"CNN began broadcasting in what year ?
","numeric (date)"
208,"What is a ball that hits the foul pole called ?
","entity (term)"
209,"What makes hamburgers taste like steakburgers ?
","description (reason)"
210,"Which company created the Internet browser Mosaic ?
","human (group)"
211,"What are the rites accompanying the circumcision of a newly born-child in Judaism called ?
","entity (event)"
212,"What was the education system in the 1960 's ?
","entity (other)"
213,"What South American city has the world 's highest commercial landing field ?
","location (city)"
214,"How can I find out which cities have cable-modem access ?
","description (manner)"
215,"What is Betsy Ross famous for ?
","description (reason)"
216,"How many species of sharks are there ?
","numeric (count)"
217,"What is `` snoogans '' ?
","description (definition)"
218,"How many people are there in the world ?
","numeric (count)"
219,"What shrubs can be planted that will be safe from deer ?
","entity (plant)"
220,"What organization 's offices were broken into at Watergate in 1972 ?
","human (group)"
221,"What is the design of the ship Titanic ?
","description (description)"
222,"What does S.O.S. stand for ?
","abbreviation (expression)"
223,"Name a technique widely used to detect birth defects ?
","entity (techmeth)"
224,"What is the daily requirement of folic acid for an expectant mother ?
","description (description)"
225,"What is the `` 7-minute cigarette '' ?
","description (definition)"
226,"What four forms does gold occur in ?
","entity (other)"
227,"What is the acreage of the Chappellet vineyard ?
","numeric (size)"
228,"How do you correctly say the word ` qigong ' ?
","description (manner)"
229,"When did beethoven die ?
","numeric (date)"
230,"How much does a new railroad coal car cost ?
","numeric (money)"
231,"What two European countries entered the War of American Independence against the British ?
","location (country)"
232,"What is the filmmakers collabrative ?
","description (definition)"
233,"What Russian composer 's Prelude in C Sharp Minor brought him fame and fortune ?
","human (individual)"
234,"What caused Harry Houdini 's death ?
","description (reason)"
235,"Who was the mother of the man who would not be king , the duke of Windsor ?
","human (individual)"
236,"How many revolutions does a standard LP make in three minutes ?
","numeric (count)"
237,"What is the name of the tallest mountain in the world ?
","location (mountain)"
238,"Where can I find a review of Nightmare on Elm Street in a film journal ?
","location (other)"
239,"What 's the slowest Olympic swimming stroke ?
","entity (techmeth)"
240,"What was the name of the first Russian astronaut to do a spacewalk ?
","human (individual)"
241,"What disease is transmitted by the Anopheles mosquito ?
","entity (medicine)"
242,"What rum is so `` mixable '' it is a one-brand bar ?
","entity (food)"
243,"How many South American countries have the letter Z in their names ?
","numeric (count)"
244,"What is the contents of proposition 98 ?
","description (definition)"
245,"Where was George Washington born ?
","location (other)"
246,"How many people on the ground were killed from the bombing of Pan Am Flight 103 over Lockerbie , Scotland , December 21 , CD .
","numeric (count)"
247,"Who wrote NN DT NNP NNP '' ?
","human (individual)"
248,"What is paracetamol ?
","description (definition)"
249,"What are the powers and weaknesses of Green Lantern 's ring ?
","description (description)"
250,"Which mosquito 's bite draws blood , DT NN CC DT NN .
","entity (animal)"
251,"When was the first steel mill in the United States built ?
","numeric (date)"
252,"What diminutive American female gymnast stole the show at the 1984 Olympics ?
","human (individual)"
253,"What is the origin of the name Katie ?
","description (description)"
254,"What schools in the Washington , DC NN NN VBP NN NN NN NN .
","human (group)"
255,"When did the Berlin Wall go up ?
","numeric (date)"
256,"Who is Terrence Malick ?
","human (description)"
257,"What instrument is Ray Charles best known for playing ?
","entity (instrument)"
258,"What 's the meaning of the Latin battle cry : Ad arma , ad arma .
","description (definition)"
259,"What is the mascot for Notre Dame University ?
","entity (other)"
260,"What Las Vegas hotel burned in November , 1980 , with the loss of 84 lives ?
","location (other)"
261,"When did Mount St. Helen last have a significant eruption ?
","numeric (date)"
262,"CNN is the abbreviation for what ?
","abbreviation (expression)"
263,"When did World War I start ?
","numeric (date)"
264,"How many feet are there in a fathom ?
","numeric (count)"
265,"What is a Canada two-penny black ?
","description (definition)"
266,"What European city do Nicois live in ?
","location (city)"
267,"How can I find out what year a Beanie Baby was introduced ?
","description (manner)"
268,"What is the classic definition of tragic hero ?
","description (definition)"
269,"To what does Microsoft 's Windows 3 owe its success ?
","entity (other)"
270,"Who was President of Afghanistan in 1994 ?
","human (individual)"
271,"What are other ways of getting stretch marks besides pregnancy , weight loss , and weight lifting ?
","entity (techmeth)"
272,"What did brontosauruses eat ?
","entity (food)"
273,"What color bottles do good Rhine wines come in ?
","entity (color)"
274,"Who was the lead actress in the movie ` Sleepless in Seattle ' ?
","human (individual)"
275,"Who was the 16th President of the United States ?
","human (individual)"
276,"Who are the two sons of Ozzie and Harriet Nelson ?
","human (individual)"
277,"What is molybdenum ?
","description (definition)"
278,"When is Boxing Day ?
","numeric (date)"
279,"What is the lowest level of the American judiciary ?
","entity (other)"
280,"When was the battle of the Somme fought ?
","numeric (date)"
281,"How many people did Randy Craft kill ?
","numeric (count)"
282,"What 's the official animal of Canada ?
","entity (animal)"
283,"When did Spielberg direct `` Jaws '' ?
","numeric (date)"
284,"What is the size of the largest akita ?
","numeric (size)"
285,"What animal has the biggest eyes ?
","entity (animal)"
286,"What is California 's capital ?
","location (city)"
287,"Who was the author of the book about computer hackers called `` The Cuckoo 's Egg : Tracking a Spy Through the Maze of Computer Espionage '' ?
","human (individual)"
288,"Who was the founding member of the Pink Floyd band ?
","human (individual)"
289,"What European country is home to the beer-producing city of Budweis ?
","location (country)"
290,"How do I find the balance of my social security account ?
","description (manner)"
291,"What is the history of Valentine 's Day cards ?
","description (description)"
292,"Where was Christopher Columbus born ?
","location (other)"
293,"What do Italians call Florence ?
","entity (term)"
294,"How do you get to the top of the Eiffel Tower ?
","description (manner)"
295,"What does ` PSI ' stand for ?
","abbreviation (expression)"
296,"What sea did the Romans call mare nostrum ?
","location (other)"
297,"What 's the term for a bet before cards are dealt ?
","entity (term)"
298,"Which came first , according to Genesis 1 : 2 : 22 - the chicken or the egg ?
","entity (animal)"
299,"What city did the Flintstones live in ?
","location (city)"
300,"What is Latin for incompetent ?
","entity (term)"
301,"What chemicals are used in lethal injection ?
","entity (medicine)"
302,"What toy company is the world 's No.1 maker of female apparel ?
","human (group)"
303,"What board game does a `` wood-pusher '' play poorly ?
","entity (sport)"
304,"Which Doonesbury character was likely to turn into a werewolf ?
","human (individual)"
305,"What is the abbreviation for micro ?
","abbreviation (abbreviation)"
306,"What are the 7 articles of the constitution ?
","entity (other)"
307,"Who has won the most Super Bowls ?
","human (group)"
308,"What does NASDAQ stand for ?
","abbreviation (expression)"
309,"What is BPH ?
","abbreviation (expression)"
310,"What is the fastest commercial automobile that can be bought in the US ?
","entity (other)"
311,"What stadium do the Miami Dolphins play their home games in ?
","location (other)"
312,"Who has the only speaking role in `` Silent Movie '' ?
","human (individual)"
313,"Why is poop sometimes different colors ?
","description (reason)"
314,"What was Einstein 's IQ ?
","numeric (other)"
315,"What day was Pearl Harbor attacked in 1942 ?
","numeric (date)"
316,"What girl 's name is `` Teddy '' an affectionate form of ?
","human (individual)"
317,"What state is John F. Kennedy buried in ?
","location (state)"
318,"What is the best way to remove wallpaper ?
","entity (techmeth)"
319,"What U.S. state has an element named for it ?
","location (state)"
320,"What company tabulates the ballots in voting for the Academy Awards ?
","human (group)"
321,"How did the tradition of best man start ?
","description (manner)"
322,"How many years ago did the ship Titanic sink ?
","numeric (count)"
323,"What is the deepest area of the Arctic Ocean ?
","location (other)"
324,"What are Halloween 's colors ?
","entity (color)"
325,"How is silk screening done ?
","description (manner)"
326,"What is the latitude and longitude of El Paso , Texas ?
","numeric (other)"
327,"Who made a boat out of gopher wood ?
","human (individual)"
328,"Where can I find a `` Fifth Element '' screensaver ?
","location (other)"
329,"Which Bloom County resident wreaks havoc with a computer ?
","human (individual)"
330,"How do you match a name to a social security number ?
","description (manner)"
331,"How does a rainbow form ?
","description (manner)"
332,"What is the normal resting heart rate of a healthy adult ?
","numeric (other)"
333,"What is the population of Ohio ?
","numeric (other)"
334,"How many calories are there in a Big Mac ?
","numeric (count)"
335,"Hazmat stands for what ?
","description (definition)"
336,"What creature scares people in the film `` Jaws '' ?
","entity (animal)"
337,"What part did John Peter Zenger play in the deveopment of the newspaper in America ?
","human (individual)"
338,"Who followed Caesar ?
","human (individual)"
339,"What are the four elements ?
","entity (substance)"
340,"Who was the first woman golfer to earn a million ?
","human (individual)"
341,"What 's the tallest piece on a chessboard ?
","entity (other)"
342,"What is Answers.com 's address ?
","location (other)"
343,"Where can I buy movies on videotape online ?
","location (other)"
344,"Who does the advertizing for Frito-Lay ?
","human (individual)"
345,"Who is the leading competitor of Trans Union Company ?
","human (group)"
346,"What product did Robert Conrad dare people to knock off his shoulder ?
","entity (product)"
347,"Who invented the radio ?
","human (individual)"
348,"What 's the American dollar equivalent for 8 pounds in the U.K. ?
","numeric (count)"
349,"What are the different approaches of systems analysis ?
","entity (techmeth)"
350,"How do doctors diagnose bone cancer ?
","description (manner)"
351,"Who is the man behind the pig-the man who pulls the strings and speaks for Miss Piggy ?
","human (individual)"
352,"What is the speed of the Mississippi River ?
","numeric (speed)"
353,"What are the developmental stages of a swimmer ?
","entity (other)"
354,"What actor first portrayed James Bond ?
","human (individual)"
355,"What ocean is the largest in the world ?
","location (other)"
356,"Who was the first American poet to win the Nobel Prize for literature , in 1948 ?
","human (individual)"
357,"What year did Jack Nicklaus join the Professional Golfers Association tour ?
","numeric (date)"
358,"How many sonnets did Shakespeare write ?
","numeric (count)"
359,"What causes the redness in your cheeks when you blush ?
","description (reason)"
360,"Who won the Nobel Peace Prize in 1991 ?
","human (individual)"
361,"Who are the Challengers of the Unknown ?
","human (group)"
362,"Define the Pheonix Club ?
","description (definition)"
363,"Which city did Christian Crusaders fight to recapture from the Muslims ?
","location (city)"
364,"What does it mean `` Rupee Depreciates '' ?
","description (definition)"
365,"What gaming devices were dubbed `` Mississippi marbles '' and `` Memphis dominoes '' ?
","entity (other)"
366,"Who was the first coach of the Cleveland Browns ?
","human (individual)"
367,"How successful is arometherapy ?
","description (manner)"
368,"What Jewish holiday saw the start of the 1973 Mideast War ?
","entity (event)"
369,"How does a copier work ?
","description (manner)"
370,"What is the speed of the Mississippi River ?
","numeric (speed)"
371,"Who said of Super Bowl III in 1969 : `` We 'll win- I guarantee it '' ?
","human (individual)"
372,"What is Dudley Do-Right 's horse 's name ?
","entity (animal)"
373,"Who declared : `` I am down on whores and I shan 't stop ripping them '' ?
","human (individual)"
374,"Where does chocolate come from ?
","location (other)"
375,"What TV game show once saw a contestant admit to picking his toes in the shower ?
","entity (creative)"
376,"What Soviet leader owned a Rolls-Royce ?
","human (individual)"
377,"Where can I find a case on Individuals with Disabilities Education Act of 1991 ?
","location (other)"
378,"What war did Florence Nightingale tend the troops in ?
","entity (event)"
379,"Who wrote the song , `` Stardust '' ?
","human (individual)"
380,"How many Beatles ' records went #1 ?
","numeric (count)"
381,"Who is the only prime minister of Canada to serve 22 years but not necessarily consecutively ?
","human (individual)"
382,"What is the abbreviation of the company name ` General Motors ' ?
","abbreviation (abbreviation)"
383,"What mountains lie between the Arkansas and Missouri rivers ?
","location (mountain)"
384,"Who received the Will Rogers Award in 1989 ?
","human (individual)"
385,"What is the function of RAM ?
","description (reason)"
386,"What 's the closest G2 Spectrum Yellow Dwarf to Earth ?
","location (other)"
387,"How many equal angles are there in an isosceles triangle ?
","numeric (count)"
388,"What is the fear of cockroaches called ?
","entity (medicine)"
389,"What CBS soap opera was interrupted by the bulletin of John F. Kennedy 's assassination ?
","entity (creative)"
390,"What is the use of a 24-hour clock instead of a 12-hour clock ?
","description (description)"
391,"What was the name of the lawyer who represented Randy Craft ?
","human (individual)"
392,"What United States President had dreamed that he was assassinated ?
","human (individual)"
393,"What film did Lee Marvin win the 1965 best actor Oscar for ?
","entity (creative)"
394,"Where is Basque country located ?
","location (other)"
395,"What product does `` Mrs. Olsen '' promote ?
","entity (product)"
396,"What time of day did Emperor Hirohito die ?
","numeric (date)"
397,"What is dry ice ?
","description (definition)"
398,"What 's the most powerful card in Euchre ?
","entity (other)"
399,"What does `` intractable plantar keratoma '' mean ?
","description (definition)"
400,"How many years did it take James Joyce to write Ulysses ?
","numeric (count)"
401,"What crop failure caused the Irish Famine ?
","entity (food)"
402,"What South Korean city is served by Kimpo International Airport ?
","location (city)"
403,"How many types of dogs ' tails are there - three
","numeric (count)"
404,"What is the longest-running television series ?
","entity (creative)"
405,"What predators exist on Antarctica ?
","entity (animal)"
406,"What is the difference between a generator and an alternator ?
","description (description)"
407,"How is energy created ?
","description (manner)"
408,"What beer advertised that it had `` three rings '' ?
","entity (food)"
409,"What is the quantity of American soldiers still unaccounted for from the Vietnam war ?
","numeric (other)"
410,"What golfing accessory was patented by George Grant on December 12
","entity (techmeth)"
411,"What are the different types of plastic ?
","entity (other)"
412,"How is it correct to say ` qigong ' ?
","description (manner)"
413,"What was the highest mountain on earth before Mount Everest was discovered ?
","location (mountain)"
414,"Where was the Ligurian Republic , 1797-185 , ?
","location (other)"
415,"What country 's people are the top television watchers ?
","location (country)"
416,"When was the women 's suffrage amendment ratified ?
","numeric (date)"
417,"What Polynesian people inhabit New Zealand ?
","human (group)"
418,"What movie tour of the Roman empire features the admonition : `` Row well and live '' ?
","entity (creative)"
419,"What Nevada center has been dubbed The Biggest Little City in the World ?
","location (city)"
420,"What President lived at 219 North Delaware Street , Independence , Missouri ?
","human (individual)"
421,"Give a reason for American Indians oftentimes dropping out of school .
","description (reason)"
422,"Where must a soccer goalie stand to be permitted to handle the ball ?
","location (other)"
423,"What is the difference between classical conditioning and operant conditioning ?
","description (description)"
424,"In what U.S. state was the first woman governor elected ?
","location (state)"
425,"What are some interesting facts and information about dogsledding ?
","description (description)"
426,"What year did Hitler die ?
","numeric (date)"
427,"What famous model was married to Billy Joel ?
","human (individual)"
428,"What kind of animal is Babar ?
","entity (animal)"
429,"What is Jane Goodall known for ?
","description (reason)"
430,"What killed Bob Marley ?
","entity (other)"
431,"How much money are Dumbo 's ears insured for ?
","numeric (money)"
432,"Who danced into stardom with Fred Astaire in 1941 's You 'll Never Get Rich ?
","human (individual)"
433,"Who is Stein Eriksen ?
","human (description)"
434,"What does the name Billie mean ?
","description (definition)"
435,"Who is the fastest swimmer in the world ?
","human (individual)"
436,"What is the highest peak in Africa ?
","location (mountain)"
437,"Where is Procter & Gamble headquartered in the U.S. ?
","location (other)"
438,"What desert has been called The Garden of Allah ?
","location (other)"
439,"What do bicornate animals have two of ?
","entity (other)"
440,"What function does a community 's water tower serve ?
","description (reason)"
441,"What is a fear of weakness ?
","entity (medicine)"
442,"How many miles is it to Ohio from North Carolina ?
","numeric (count)"
443,"How much snow equals an inch of rain ?
","numeric (count)"
444,"What does G.M.T. stand for ?
","abbreviation (expression)"
445,"What does Inuit and Eskimo mean ?
","description (definition)"
446,"What song served as the closing theme of The Johnny Cash Show ?
","entity (creative)"
447,"What field sport did dentist William Beers promote and write a standard book of rules for ?
","entity (sport)"
448,"How do I tie dye clothes ?
","description (manner)"
449,"When does the average teenager first have intercourse ?
","numeric (date)"
450,"Why doesn 't www.answers.com have any answers to my questions ?
","description (reason)"
451,"What actor 's autobiography is titled All My Yesterdays ?
","human (individual)"
452,"What Russian master spy lived in the U.S. under the name Emil Goldfus ?
","human (individual)"
453,"Where 's the 19th hole on a golf course ?
","location (other)"
454,"What 's nature 's purpose for tornadoes ?
","description (reason)"
455,"Who played the original Charlie 's Angels ?
","human (individual)"
456,"Where can I find a person 's address from a telephone number ?
","location (other)"
457,"What English word comes from the Old French covrefeu , meaning cover fire ?
","entity (word)"
458,"What musical instrument did Prewitt play in James Jones 's From Here to Eternity ?
","entity (instrument)"
459,"Where did Sarge Steel get his metal hand ?
","location (other)"
460,"What makes popcorn pop ?
","description (reason)"
461,"Who wrote The Night of the Iguana ?
","human (individual)"
462,"Where does your hair grow the fastest ?
","entity (body)"
463,"What country did King Gustav V reign over from 197 to 195 ?
","location (country)"
464,"Who painted Mother and Child ?
","human (individual)"
465,"What is the speed of the Mississippi River ?
","numeric (speed)"
466,"In what area of the world was the Six Day War fought ?
","location (other)"
467,"What is the brightest star visible from Earth ?
","location (other)"
468,"What film marked Robert Redford 's directorial debut ?
","entity (creative)"
469,"What was Mao 's second name ?
","human (individual)"
470,"What film or films has Jude Law appeared in ?
","entity (creative)"
471,"Where do hyenas live ?
","location (other)"
472,"Who is the `` Queen Mother '' ?
","human (description)"
473,"What 's the most commonly-spoken language in Belgium ?
","entity (language)"
474,"Who has more DNA - a man or a woman ?
","human (individual)"
475,"What are Maid-Rites ?
","description (definition)"
476,"What children 's tale contains the line : `` Come , Cinderslut , and hold this skein of wool for me '' ?
","entity (creative)"
477,"What level of government or governmental agency is responsible for dealing with racism ?
","human (group)"
478,"How many referees work a soccer game ?
","numeric (count)"
479,"What cocktail do you concoct with whisky and sweet vermouth ?
","entity (food)"
480,"How do you say `` fresh '' in Spanish ?
","entity (term)"
481,"What do bee hives do in cranberry bogs ?
","description (description)"
482,"What caused the Lynmouth floods ?
","description (reason)"
483,"When is the Tulip Festival in Michigan ?
","numeric (date)"
484,"Who came up with the name , El Nino ?
","human (individual)"
485,"What movie did Madilyn Kahn star in with Gene Wilder ?
","entity (creative)"
486,"What type of bridge is the Golden Gate Bridge ?
","entity (other)"
487,"What dictator has the nickname `` El Maximo '' ?
","human (individual)"
488,"What stereo manufacturer is `` Slightly ahead of its time '' ?
","human (group)"
489,"What U.S. city is The Queen of the Pacific ?
","location (city)"
490,"What TV sitcom character had the maiden name Ethel Potter ?
","human (individual)"
491,"What was the first Lifesaver flavor ?
","entity (food)"
492,"Who kept the most famous diary in the English language ?
","human (individual)"
493,"Where can I find out the top 1 singles ?
","location (other)"
494,"How many degrees cooler is the inside of a cucumber than the air outside ?
","numeric (count)"
495,"What Spanish artist painted Crucifixion ?
","human (individual)"
496,"What is the Jewish bible called ?
","entity (creative)"
497,"Why is the grass green ?
","description (reason)"
498,"What is a firewall ?
","description (definition)"
499,"What spy novelist served as Moscow correspondent for Reuter and The Times of London ?
","human (individual)"
500,"Which oil company almost picked a word that meant `` stalled car '' in Japanese as its new international name ?
","human (group)"
501,"How long does it take for Spider-Man 's web to evaporate ?
","numeric (period)"
502,"Who was Randy Steven Craft 's lawyer ?
","human (individual)"
503,"What was known as the Spice Island ?
","location (other)"
504,"Who was the first host of Person to Person ?
","human (individual)"
505,"Name the Ranger who was always after Yogi Bear .
","human (individual)"
506,"What deck of cards includes the Wheel of Fortune , the Lovers , and Death ?
","entity (other)"
507,"What does the Statue of Liberty wear on her feet ?
","entity (other)"
508,"Who is the superstar in rent-a-cars ?
","human (individual)"
509,"McCarren Airport is located in what city ?
","location (city)"
510,"What household facility contains a float ball , ballcock , and overflow tube ?
","entity (other)"
511,"What was the name of Betty Boop 's dog ?
","entity (animal)"
512,"What fraction of a beaver 's life is spent swimming ?
","numeric (percentage)"
513,"What was the Bridge of San Luis Rey made of ?
","entity (substance)"
514,"What do economists do ?
","description (description)"
515,"What country has the largest sheep population ?
","location (country)"
516,"What do I need to do to take my dog with me to live in Dominica , West Indies for a year ?
","description (description)"
517,"What country is the world 's largest importer of cognac ?
","location (country)"
518,"How many years is Johnnie Walker Black Label aged ?
","numeric (count)"
519,"What does SIDS stand for ?
","abbreviation (expression)"
520,"What is Grenada 's main commodity export ?
","entity (other)"
521,"How much would a black-and-white 1-cent stamp be worth , Thomas Jefferson on it , ?
","numeric (money)"
522,"What makes a clitoris sensitive ?
","description (reason)"
523,"What country has the most time zones , with 11 ?
","location (country)"
524,"What `` magic '' does Mandrake employ ?
","entity (other)"
525,"Who is the president of Stanford University ?
","human (individual)"
526,"Whose first presidential order was : `` Let 's get this goddamn thing airborne '' ?
","human (individual)"
527,"What was introduced commercially by Bayer A.G. of Leverkusen , in 1899 ?
","entity (other)"
528,"What city is Logan Airport in ?
","location (city)"
529,"What is a nanometer ?
","description (definition)"
530,"How many innings are there in a regulation softball game ?
","numeric (count)"
531,"When did CNN go on the air ?
","numeric (date)"
532,"What is the largest city on the Great Lakes ?
","location (city)"
533,"What is the telephone number for the University of Kentucky ?
","numeric (code)"
534,"Who invented baseball ?
","human (individual)"
535,"How many wives did Brigham Young have ?
","numeric (count)"
536,"What product on the market is good for hiding facial scars ?
","entity (product)"
537,"How long is the Coney Island boardwalk ?
","numeric (distance)"
538,"What city gained renown for its pea-soup fogs ?
","location (city)"
539,"What does `` Janelle '' mean ?
","description (definition)"
540,"How do I get another city 's newspaper ?
","description (manner)"
541,"Name a movie about the Sioux Indians starring Kevin Costner .
","entity (creative)"
542,"Who was shot in the back during a Poker game in Deadwood , the Dakota territory ?
","human (individual)"
543,"What are the distinct physical characterstics of the Arabian horse ?
","description (description)"
544,"What is a fear of thunder ?
","entity (medicine)"
545,"What animal has killed the most people ?
","entity (animal)"
546,"How many colleges are in Wyoming ?
","numeric (count)"
547,"What Russian seaport has a name meaning `` Lord of the East '' ?
","location (city)"
548,"Where can stocks be traded on-line ?
","location (other)"
549,"When was the Battle of Hastings ?
","numeric (date)"
550,"What kind of file has the extension .dbf ?
","entity (other)"
551,"When did Muhammad live ?
","numeric (date)"
552,"What then-derogatory term was applied to the painters Monet , Sisley , Pissarro , Renoir and Degas ?
","entity (term)"
553,"What is a wop ?
","description (definition)"
554,"Where do rocks come from ?
","description (description)"
555,"How do I stop background noise in a car stereo ?
","description (manner)"
556,"Where do people mountain climb in Nepal ?
","location (mountain)"
557,"What is the best college in the country ?
","human (group)"
558,"What is viscosity ?
","description (definition)"
559,"What was the name of the sitcom that Alyssa Milano starred in with Tony Danza ?
","entity (creative)"
560,"What are the Nordic nations ?
","location (country)"
561,"Where on the Internet can I get information about the Fifth Amendment on the American Bill of Rights ?
","location (other)"
562,"What U.S. state borders Illinois to the north ?
","location (state)"
563,"Name a film in which Jude Law acted .
","entity (creative)"
564,"What is the temperature for baking Peachy Oat Muffins ?
","numeric (temperature)"
565,"What is a fear of bees ?
","entity (medicine)"
566,"What Vladimir Nabokov novel features Professor Humbert in love with a 12-year-old girl ?
","entity (creative)"
567,"What is a green bog ?
","description (definition)"
568,"Where did the myth of Santa Claus originate ?
","location (other)"
569,"What does a chairbound basophobic fear ?
","entity (other)"
570,"What city is served by Logan International Airport ?
","location (city)"
571,"What wrestling star became `` The Incredible Hulk '' ?
","human (individual)"
572,"What attracts tourists to Reims ?
","location (other)"
573,"What game do Steve McQueen and Edward G. Robinson play in The Cincinnati Kid ?
","entity (sport)"
574,"What fastener did Whitcomb Judson patent in 1893 ?
","entity (other)"
575,"What 's an auberge in France ?
","description (definition)"
576,"Who was the star of the 1965 Broadway hit Golden Boy ?
","human (individual)"
577,"Where is Procter & Gamble based in the U.S. ?
","location (other)"
578,"What army was founded by William Booth and his wife Catherine ?
","human (group)"
579,"What does ribavirin consist of ?
","entity (substance)"
580,"Name the soft drink that is `` number one in the sun . ''
","entity (food)"
581,"What is the web address of the list of e-mail addresses of members of the House of Representatives ?
","location (other)"
582,"What was her real name ?
","human (individual)"
583,"Why are the ears your center of balance ?
","description (reason)"
584,"Who invented the toothbrush ?
","human (individual)"
585,"What was the name of that popular song the Creeps sang ?
","entity (creative)"
586,"Where is the Abominable Snowman said to wander ?
","location (other)"
587,"What is a fear of being alone ?
","entity (medicine)"
588,"How many dots make up the symbol for `` because '' ?
","numeric (count)"
589,"What do you get by adding Lactobacillus bulgaricus to milk ?
","entity (food)"
590,"When reading classified ads , what does EENTY : other stand for ?
","abbreviation (expression)"
591,"How many hearts does an octopus have ?
","numeric (count)"
592,"What plant has the largest seed ?
","entity (plant)"
593,"What was the only country you were allowed to drive into Israel from in 1979 ?
","location (country)"
594,"What 's approaching when a cyclist shouts : `` Oil '' ?
","entity (other)"
595,"What baseball star turned down a $1 , 000-a-year contract because he felt he had n't earned it ?
","human (individual)"
596,"What kind of sport is often associated with hooligans ?
","entity (sport)"
597,"What video game hero do some of his fans call Chomper ?
","human (individual)"
598,"How many holes are there in a tenpin bowling ball ?
","numeric (count)"
599,"What is the longest word in the English language ?
","entity (word)"
600,"In What city or state do the most gay men live in ?
","location (other)"
601,"What TV comediennes 's characters include former movie star Nora Desmond , secretary Mrs. Wiggins and a housewife named Eunice ?
","human (individual)"
602,"What is `` the bear of beers '' ?
","entity (animal)"
603,"Name the operating system that runs on IBM-compatible machines .
","entity (other)"
604,"What does the name `` Justin '' mean ?
","description (definition)"
605,"What percentage of the body is muscle ?
","numeric (percentage)"
606,"What color of dry wine should be served with veal roasts and chops ?
","entity (color)"
607,"What is a golf ball made of ?
","entity (substance)"
608,"What is the Amish religion ?
","description (definition)"
609,"What does an average daycare provider get paid in New England ?
","numeric (money)"
610,"What was the name of the 187s Irish terrorist group in Pennsylvania mining areas ?
","human (group)"
611,"Who played the Ringo Kid in the 1939 film Stagecoach ?
","human (individual)"
612,"Who died 1 feet from where John F. Kennedy did ?
","human (individual)"
613,"What is the `` coppertop '' battery ?
","description (definition)"
614,"What sign is The Water Carrier the zodiacal symbol for ?
","entity (symbol)"
615,"What animals do you find in the stock market ?
","entity (animal)"
616,"What is color ?
","description (definition)"
617,"When is the site www.questions.com going to open ?
","numeric (date)"
618,"What did Shostakovich write for Rostropovich ?
","entity (creative)"
619,"What first name was Nipsy Russell given at birth ?
","human (individual)"
620,"How can I get some free technical information on Electric Vehicle ?
","description (manner)"
621,"Who is the youngest of the Beatles ?
","human (individual)"
622,"How did shipyard inspector James J. Kilroy designate equipment as being satisfactory ?
","description (manner)"
623,"What is a Jellicle Cat ?
","description (definition)"
624,"Where can I find the best free evidence for debate about Russia ?
","location (other)"
625,"What is Bill Gates of Microsoft E-mail address ?
","location (other)"
626,"What is the second hardest substance ?
","entity (substance)"
627,"Why did several San Diego schools stop serving apples to students ?
","description (reason)"
628,"What Russian city boasts the Hermitage Museum ?
","location (city)"
629,"When is Bastille Day ?
","numeric (date)"
630,"What makes a tornado turn ?
","description (reason)"
631,"How many shots can a stock M16 hold ?
","numeric (count)"
632,"What two colors are you blind to if you suffer from protanopia ?
","entity (color)"
633,"Why do n't you guys have some sort of contest where you ask a question and whoever finds the answers wins a prize ?
","description (reason)"
634,"Who is Coronado ?
","human (description)"
635,"What was the name of the movie that starred Sharon Stone and Arnold Schwarzenegger ?
","entity (creative)"
636,"What is artificial intelligence ?
","description (definition)"
637,"What do flatfish eat ?
","entity (food)"
638,"Who was the first Holy Roman Emperor ?
","human (individual)"
639,"What can I use to remove the stubborn gummed labels from some diskettes ?
","entity (other)"
640,"What day of the week sees the most fatal car accidents ?
","numeric (date)"
641,"What is the origin of the word , magic ?
","description (description)"
642,"What sport do you shag flies in ?
","entity (sport)"
643,"What is white chocolate ?
","description (definition)"
644,"Where is Trinidad ?
","location (other)"
645,"Name the organization that is presided by a Security Council .
","human (group)"
646,"Who graced the airwaves with such pearls as `` Do ya lo-o-ove me ? Get naked , baby ! '' ?
","human (individual)"
647,"What kind of wine is Spumante ?
","entity (food)"
648,"Who portrayed portly criminologist Carl Hyatt on Checkmate ?
","human (individual)"
649,"How do you say I love you in Spanish ?
","entity (term)"
650,"What does the name Gina mean ?
","description (definition)"
651,"What is the most advanced handheld calculator in the world ?
","entity (product)"
652,"How fast is light ?
","numeric (speed)"
653,"What is the belt of low pressure around the equator called ?
","entity (term)"
654,"What are shooting stars ?
","description (definition)"
655,"Whom did the Chicago Bulls beat in the 1993 championship ?
","human (group)"
656,"When was the first American encyclopedia published ?
","numeric (date)"
657,"What 's the tallest building in New York City ?
","location (other)"
658,"How is Easter Sunday 's date determined ?
","description (manner)"
659,"What is the Motto for the State of Maryland ?
","description (description)"
660,"Who is Desmond Tutu ?
","human (description)"
661,"Where can I find information on the Narragansett Indians and other tribes in Rhode Island ?
","location (other)"
662,"Name a tiger that is extinct .
","entity (animal)"
663,"How many quarters equal a pound ?
","numeric (count)"
664,"What kind of books does Fodor 's publish ?
","entity (creative)"
665,"What are the first names of Rowan and Martin , the stars of TV 's Laugh-In ?
","human (individual)"
666,"What chapter of the Bible has the most verses ?
","numeric (order)"
667,"Who is the worst US President ever ?
","human (individual)"
668,"What Asian leader was known as The Little Brown Saint ?
","human (individual)"
669,"What is the abbreviated expression for the National Bureau of Investigation ?
","abbreviation (abbreviation)"
670,"How fast does the fastest car go ?
","numeric (speed)"
671,"What is the highest mountain in the world ?
","location (mountain)"
672,"What arch can you see from the Place de la Concorde ?
","location (other)"
673,"Who sings the song `` Drink to me with thine eyes '' by Ben Johnson ?
","human (individual)"
674,"How long should a person wash their hands before they are clean ?
","numeric (period)"
675,"Which way do you turn your Bic to increase the flame - clockwise or counterclockwise ?
","location (other)"
676,"Which is the wealthiest country in the world ?
","location (country)"
677,"How can I find a phone number of someone if I only know their email address ?
","description (manner)"
678,"How can you contact play producers and promoters on-line ?
","description (manner)"
679,"Who is the monarch of the United Kingdom ?
","human (individual)"
680,"What is a fear of passing high objects ?
","entity (medicine)"
681,"What do players try to do when the music stops in a game of musical chairs ?
","description (description)"
682,"What are the top ten most common girl names in the US ?
","human (individual)"
683,"Why is black the color of mourning in the West ?
","description (reason)"
684,"What is the rarest coin ?
","entity (other)"
685,"What Judith Rossner novel was made into a film starring Diane Keaton ?
","entity (creative)"
686,"Which country is Australia 's largest export market ?
","location (country)"
687,"Where is the Kentucky Horse Park located ?
","location (other)"
688,"What is a fear of parasites ?
","entity (medicine)"
689,"In what Olympic Games did Nadia Comaneci become popular ?
","entity (sport)"
690,"Who does data collection in tourism ?
","human (individual)"
691,"What was the name of the daughter of the Virginia chief Powhatan that married John Rolfe ?
","human (individual)"
692,"What is the leading pecan and peanut growing state ?
","location (state)"
693,"What does a nihilist believe in ?
","description (description)"
694,"What did Richard Feynman say upon hearing he would receive the Nobel Prize in Physics ?
","description (description)"
695,"In what sport are these following numbers relevant : 118 , 126 , 134 , 142 , 15 , 158 , 167 , 177 , and 19 ?
","entity (sport)"
696,"Who were the four famous founders of United Artists ?
","human (individual)"
697,"What 2 statues did France give to other countries ?
","entity (creative)"
698,"What are amphibians ?
","description (definition)"
699,"How many sperm cells are in an average ejaculation ?
","numeric (count)"
700,"Name the disposable razor that `` costs about 19 cents . ''
","entity (product)"
701,"How far do you have to run if you hit a home run ?
","numeric (distance)"
702,"Who was the only U.S. President to wear a Nazi uniform ?
","human (individual)"
703,"Woodrow Wilson served as president of what university ?
","human (group)"
704,"Where are the tropical rain forest distributions ?
","location (other)"
705,"What 's the nickname of oddsmaker Jimmy Snyder ?
","human (individual)"
706,"What is the fear of being loved ?
","entity (medicine)"
707,"What was the number of people that Randy Steven Craft was convicted of killing ?
","numeric (other)"
708,"What was Queen Victoria 's title regarding India ?
","human (title)"
709,"How is a hydrogen bomb different from a nuclear bomb ?
","description (manner)"
710,"How far can a man travel in outer space ?
","numeric (distance)"
711,"Where was Lincoln assassinated ?
","location (other)"
712,"What type of food makes you fat ?
","entity (food)"
713,"What is the name of the chronic neurological autoimmune disease which attacks the protein sheath that surrounds nerve cells causing a gradual loss of movement in the body ?
","entity (medicine)"
714,"What was the U.S. highway death toll in 1969 ?
","numeric (count)"
715,"What kind of animals are Dorsets , Lincolns , Oxfords and Southdowns ?
","entity (animal)"
716,"What are the shortest and the longest songs ever produced ?
","entity (creative)"
717,"What letter is to the right of K on a typewriter keyboard ?
","entity (letter)"
718,"What is the origin and the meaning of the name , `` Hajo ? ''
","description (description)"
719,"What is the plural of gulf ?
","entity (word)"
720,"Whose autobiography is titled Yes I Can ?
","human (individual)"
721,"What year did the United States pass the Copyright law ?
","numeric (date)"
722,"What percentage of Americans own their homes ?
","numeric (percentage)"
723,"What 's the first day of the week ?
","numeric (date)"
724,"What city was President William McKinley shot in ?
","location (city)"
725,"What city has the world 's longest subway system ?
","location (city)"
726,"Who claimed he killed 4 , 280 buffalo as food for the crew building the Kansas Pacific Railway ?
","human (individual)"
727,"What is Bombay duck ?
","description (definition)"
728,"How many degrees cooler is the inside of a cucumber than the air outside ?
","numeric (count)"
729,"What double talking `` professor '' holds a doctorate in Nothing ?
","human (individual)"
730,"What are the five most expensive cities in the world ?
","location (city)"
731,"What 19th-century writer had a country estate on the Hudson dubbed Sunnyside ?
","human (individual)"
732,"How many layers of yellow paint is a Faber Mongol pencil lucky enough to be sprayed with ?
","numeric (count)"
733,"What is a virtual IP address ?
","description (definition)"
734,"What was the name of the cook on Rawhide ?
","human (individual)"
735,"What county is Chicago in ?
","location (other)"
736,"What is the wingspan of a condor ?
","numeric (distance)"
737,"What facial feature typically contains about 55 hairs ?
","description (description)"
738,"Who was named Admiral of the Ocean Seas and Viceroy and Governor General of all the islands he might discover , and also granted 10-?? of all profits of his voyage .
","human (individual)"
739,"How can I transport files from one computer to another ?
","description (manner)"
740,"What 's the literary term for a play on words ?
","entity (term)"
741,"What color were their horses ?
","entity (color)"
742,"What does an average daycare provider get paid in New England ?
","numeric (money)"
743,"What author landed a 468-pound marlin without harness in the early 193 's ?
","human (individual)"
744,"How many Americans fought for the British in the American Revolution ?
","numeric (count)"
745,"What kind of education do I need to become a flight attendant ?
","entity (other)"
746,"What are the two languages of Malta ?
","entity (language)"
747,"How many oceans are there and name them ?
","numeric (count)"
748,"What happened during the Blackhawk Indian war of 1832 ?
","description (description)"
749,"How many pairs of legs does a lobster have ?
","numeric (count)"
750,"What does the Latin ante mortem mean ?
","description (definition)"
751,"What does the name Shawn mean ?
","description (definition)"
752,"Where is the Danube ?
","location (other)"
753,"What lawyer won the largest divorce settlement , $85 million , in U.S. history for Sheika Dena Al-Farri ?
","human (individual)"
754,"What do you call a group of geese ?
","entity (animal)"
755,"Who delivered his last newscast on March 6 , 1981 ?
","human (individual)"
756,"How many times has `` Louie , Louie '' been recorded ?
","numeric (count)"
757,"How is Answers.com different from KnowPost.com ?
","description (manner)"
758,"What is the longest place name in the U.S. ?
","location (other)"
759,"What percent liked Thatcher after she had been in power for a decade ?
","numeric (percentage)"
760,"Where does Buzz Aldrin want to build a permanent , manned space station ?
","location (other)"
761,"What was Mel Gibson 's first movie ?
","entity (creative)"
762,"Why was the L.A. office of Shea and Gould closed ?
","description (reason)"
763,"How do I start a bank ?
","description (manner)"
764,"How do Ouija Boards work ?
","description (manner)"
765,"What horse did Zorro ride ?
","entity (animal)"
766,"How do you get a broken cork out of a bottle ?
","description (manner)"
767,"Where can I find correct tabs for Third Eye Blind songs ?
","location (other)"
768,"How do you determine heating requirements for your home ?
","description (manner)"
769,"What former major-league left-handed baseball pitcher was known as `` Space Man '' ?
","human (individual)"
770,"Which hair care product told us `` hate that gray , wash it away '' ?
","entity (product)"
771,"Why did the chicken cross the road ?
","description (reason)"
772,"What was Michelangelo 's last name ?
","human (individual)"
773,"Who is Barbara Jordan ?
","human (description)"
774,"Who was the Democratic nominee in the American presidential election ?
","human (individual)"
775,"What was Connecticut 's first constitution called ?
","entity (creative)"
776,"What historical event happened in Dogtown in 1899 ?
","entity (event)"
777,"What is being done about the millennium bug ?
","description (definition)"
778,"What was the claim to fame of King Camp Gillette ?
","description (reason)"
779,"What is the most common kind of skin cancer in the U.S. ?
","entity (medicine)"
780,"What is Olestra ?
","description (definition)"
781,"What Asian country has a bill of rights for cows ?
","location (country)"
782,"How many fingers are used to draw a bow ?
","numeric (count)"
783,"What are two plants that clothes are made from ?
","entity (plant)"
784,"When was Hurricane Hugo ?
","numeric (date)"
785,"What is the most heavily caffeinated soft drink ?
","entity (food)"
786,"What President-to-be was the first member of Congress to enlist following the attack on Pearl Harbor ?
","human (individual)"
787,"What was the price of Varian Associates ' vacuum products division ?
","numeric (money)"
788,"When was `` the Great Depression '' ?
","numeric (date)"
789,"What language is mostly spoken in Brazil ?
","entity (language)"
790,"What college produced the most winning Super Bowl quarterbacks ?
","human (group)"
791,"How do you solve `` Rubik 's Cube '' ?
","description (manner)"
792,"What is prepared mustard ?
","description (definition)"
793,"What classical Spanish writer warned : `` All that glitters is not gold '' ?
","human (individual)"
794,"What does `` antidisestablishmentarianism '' mean ?
","description (definition)"
795,"What actor married John F. Kennedy 's sister ?
","human (individual)"
796,"What does a topophobic actor suffer from ?
","entity (medicine)"
797,"Who fired Maria Ybarra from her position in San Diego council ?
","human (individual)"
798,"The italian artist , Maurizio Pellegrin , is how old ?
","numeric (period)"
799,"What type of hunting are retrievers used for ?
","entity (other)"
800,"What is Colin Powell best known for ?
","description (reason)"
801,"Who was the first black golfer to tee off in the Masters ?
","human (individual)"
802,"What city is the setting for Puccini 's opera La Boheme ?
","location (city)"
803,"What U.S. President showed a fondness for munching on bee pollen bars ?
","human (individual)"
804,"What is measured in curies ?
","description (definition)"
805,"Whose cover is that of an employee of Universal Import and Export ?
","human (individual)"
806,"What former president 's daughter has written a book titled Murder in the White House ?
","human (individual)"
807,"What fictional character is known as the `` melancholy Dane '' ?
","human (individual)"
808,"Italy is the largest producer of what ?
","entity (product)"
809,"What longtime game show host dropped dead while jogging in Central Park in 1984 ?
","human (individual)"
810,"What is the meaning of W.B. Yeat 's poem , `` The Three Hermits ? ''
","description (definition)"
811,"Who were the `` filthiest people alive ? ''
","human (individual)"
812,"What infectious disease is the world 's deadliest ?
","entity (medicine)"
813,"What is Spumante ?
","description (definition)"
814,"In what year did Ireland elect its first woman president ?
","numeric (date)"
815,"What is an isthmus ?
","description (definition)"
816,"What was the name of the orca that died of a fungal infection ?
","entity (animal)"
817,"Where is Mozambique located ?
","location (other)"
818,"What is Mississippi 's state animal ?
","entity (animal)"
819,"What 's the origin of the word ` news ' ?
","description (description)"
820,"What did Dan Aykroyd and John Belushi quit Saturday Night Live to become ?
","entity (other)"
821,"How many months does a normal human pregnancy last ?
","numeric (count)"
822,"How do fuel injectors work ?
","description (manner)"
823,"How can your school march in the Macy 's Thanksgiving Parade ?
","description (manner)"
824,"What is the real name of disc jockey `` Wolfman Jack '' ?
","human (individual)"
825,"What Italian liner was hijacked in 1985 ?
","entity (vehicle)"
826,"What city houses the U.S. headquarters of Procter and Gamble ?
","location (city)"
827,"What soap was touted as being `` for people who like people '' ?
","entity (product)"
828,"How much was the minimum wage in 1991 ?
","numeric (money)"
829,"What does NAFTA stand for ?
","abbreviation (expression)"
830,"Who invented silly putty ?
","human (individual)"
831,"What new middle school was built in Philadelphia , Pennsylvania last year ?
","human (group)"
832,"Who patented the first phonograph ?
","human (individual)"
833,"What are some tips for building a fire in a fireplace ?
","entity (techmeth)"
834,"What do manatees eat ?
","entity (food)"
835,"How do you say 2 in Latin ?
","entity (term)"
836,"What were popular songs and types of songs in the 1920s ?
","entity (creative)"
837,"How many Vietnamese were there in the Soviet Union ?
","numeric (count)"
838,"What is November 's birthstone ?
","entity (other)"
839,"What is a Certified Nurse Midwife ?
","description (definition)"
840,"On average , how many miles are there to the moon ?
","numeric (count)"
841,"Who created private detective Philip Marlowe ?
","human (individual)"
842,"What Boris Pasternak book sold 5 , 0 copies to become the fiction best-seller of 1958 ?
","entity (creative)"
843,"What is the origin of the expression `` tout de suite '' ?
","description (description)"
844,"What is the longest English word ?
","entity (word)"
845,"What is the purpose of a car bra ?
","description (reason)"
846,"What is D.B. Cooper known for ?
","description (reason)"
847,"Who is Colin Powell ?
","human (description)"
848,"What species is a colt ?
","entity (animal)"
849,"What is the full name of the PLO ?
","abbreviation (expression)"
850,"What is the smallest country in Africa ?
","location (country)"
851,"Who coined the term NN cyberspace `` in his novel NN Neuromancer '' ?
","human (individual)"
852,"What age followed the Bronze Age ?
","entity (event)"
853,"What is her profession ?
","human (title)"
854,"What is the full name of the man who invented the multicolored game cube that has 42.3 quintillion potential combinations ?
","human (individual)"
855,"What does the word LASER mean ?
","abbreviation (expression)"
856,"What does the name `` Anthony '' mean ?
","description (definition)"
857,"Who was Lauren Bacall 's first husband ?
","human (individual)"
858,"What is a rhomboideus minor ?
","description (definition)"
859,"How many hands does Bjorn Borg use when hitting his forehand ?
","numeric (count)"
860,"How many people died on D-Day ?
","numeric (count)"
861,"What U.S. Congressman said : `` Keep the faith , baby '' .
","human (individual)"
862,"Who created the character of Scrooge ?
","human (individual)"
863,"What is the student population at the University of Massachusetts in Amherst ?
","numeric (other)"
864,"Where is Windsor Castle ?
","location (other)"
865,"When did the Dow first reach ?
","numeric (date)"
866,"Why were people recruited for the Vietnam War ?
","description (reason)"
867,"What party was Winston Churchill a member of ?
","human (group)"
868,"What American League baseball team 's worst finish between 1926 and 1964 was fourth ?
","human (group)"
869,"Where can I find the names of all the 15 Pokemon ?
","location (other)"
870,"What state does Martha Stewart live in ?
","location (state)"
871,"Which killer whale died at Sea World of a fungal infection ?
","entity (animal)"
872,"What are the Benelux countries ?
","location (country)"
873,"Where 's the Petrified Forest ?
","location (other)"
874,"What is a language spoken by the Sioux ?
","entity (language)"
875,"Where is Tornado Alley ?
","location (other)"
876,"Who was the author of `` John Brown 's Body '' ?
","human (individual)"
877,"What American poet wrote : `` Good fences make good neighbors '' ?
","human (individual)"
878,"What state in the U.S. has the most blacks ?
","location (state)"
879,"Why are electric cars less efficient in the northeast than in California ?
","description (reason)"
880,"What was the occupation of Mandy Rice-Davies ?
","human (title)"
881,"What is the city in which Maurizio Pellegrin lives called ?
","location (city)"
882,"Who painted the Sistine Chapel ?
","human (individual)"
883,"Name the various costumed personas of Dr. Henry Pym .
","human (individual)"
884,"What breed of dog was the `` Little Rascals '' dog ?
","entity (animal)"
885,"What are the living conditions in Cuba ?
","description (description)"
886,"What color are school buses ?
","entity (color)"
887,"What is the oldest website on the Internet ?
","location (other)"
888,"What events happened January 26 , 1978 ?
","entity (event)"
889,"What explorers followed Columbus to the Americas ?
","human (individual)"
890,"Who is actress Goldie Hawn 's current actor boyfriend ?
","human (individual)"
891,"Who banned Peter Rose from baseball for betting on games ?
","human (individual)"
892,"What are the seven virtues ?
","description (definition)"
893,"What other name were the `` Little Rascals '' known as ?
","entity (term)"
894,"When was the San Francisco fire ?
","numeric (date)"
895,"What is a fear of food ?
","entity (medicine)"
896,"How many casinos are in Atlantic City , NJ ?
","numeric (count)"
897,"What year did the Vietnam War end ?
","numeric (date)"
898,"What are the names of Richard Nixon 's two daughters ?
","human (individual)"
899,"What 's the word for broken glass or sharp rocks embedded in cement on top of a wall ?
","entity (word)"
900,"What is the chromosome number of an elephant ?
","numeric (count)"
901,"What organization was founded by the Rev. Jerry Falwell ?
","human (group)"
902,"What 's the longest river in the world ?
","location (other)"
903,"Which soft drink does Madonna advertise for ?
","entity (food)"
904,"What company is being bought by Yahoo and how much is the deal worth ?
","human (group)"
905,"When was Berlin 's Brandenburg gate erected ?
","numeric (date)"
906,"How many double-word-score spaces are there on a Scrabble Crossword Game board ?
","numeric (count)"
907,"What year did Germany sign its nonaggression pact with the Soviet Union ?
","numeric (date)"
908,"What mountain range is traversed by the highest railroad in the world ?
","location (mountain)"
909,"Why were the American soldiers in WWI called `` Doughboys ''
","description (reason)"
910,"Who was nicknamed The Little Corporal ?
","human (individual)"
911,"How many CDs has Garth Brooks sold ?
","numeric (count)"
912,"Name the vessel used by the Atari Force in the DC comics .
","entity (vehicle)"
913,"Where are the leading medical groups specializing in lung diseases ?
","location (other)"
914,"How can I find online spelling , and punctuation drills for my 6th grader ?
","description (manner)"
915,"What 's the sacred river of India ?
","location (other)"
916,"What is Stefan Edberg 's native country ?
","location (country)"
917,"What is the only gland in humans that can regenerate itself ?
","entity (body)"
918,"How many Gutenberg Bibles are there ?
","numeric (count)"
919,"Name the largest country in South America .
","location (country)"
920,"What astronomical phenomenon takes place in Jan. 1999 ?
","entity (event)"
921,"What information can you get me on Fairground Park in St. Louis
","description (description)"
922,"What was American folk hero John Chapman 's nickname ?
","human (individual)"
923,"What is the difference between a median and a mean ?
","description (description)"
924,"What was the top box office movie in April 1998 ?
","entity (creative)"
925,"What makes thunder ?
","description (reason)"
926,"What author did photographer Yousuf Karsh call `` the shiest man I ever met '' ?
","human (individual)"
927,"Which is the largest clock , diameter wise , in Europe ?
","entity (other)"
928,"What plant is rum made from ?
","entity (plant)"
929,"What country are Godiva chocolates from ?
","location (country)"
930,"Name the poet of the poem which begins : I do not know much about gods ; but I think that the river Is a strong brown god-sullen , and untamed ?
","human (individual)"
931,"Which condiment was once sold as a patent medicine ?
","entity (food)"
932,"What U.S. state records the least rainfall ?
","location (state)"
933,"Why did the world enter a global depression in 1929 ?
","description (reason)"
934,"What was archy , and mehitabel ?
","description (definition)"
935,"What Texas city got its name from the Spanish for `` yellow '' ?
","location (city)"
936,"What are the chemicals used in glowsticks ?
","entity (substance)"
937,"What country did the Nile River originate in ?
","location (country)"
938,"What color are tennis balls ?
","entity (color)"
939,"What barroom judge called himself The Law West of the Pecos ?
","human (individual)"
940,"What excuse did the NATO people give for hitting the Chinese embassy ?
","description (description)"
941,"Who was President of Costa Rica in 1994 ?
","human (individual)"
942,"What sports event is Meyer Wolfsheim supposed to have fixed in The Great Gatsby ?
","entity (sport)"
943,"What country has the best defensive position in the board game Diplomacy ?
","location (country)"
944,"What two countries share the Khyber Pass ?
","location (country)"
945,"Who was chairman of the Senate select committee that tried to get to the bottom of Watergate ?
","human (individual)"
946,"What is the origin of the surname of Braun ?
","description (description)"
947,"What card game has variations called Canfield , Klondike and Spider ?
","entity (sport)"
948,"What is Australia Day ?
","description (definition)"
949,"What mammal of North America is the world 's longest-lived for its size ?
","entity (animal)"
950,"What was the Chivington Massacre ?
","description (definition)"
951,"What actor starred in 1980 's Blue Lagoon , 1982 's The Pirate Movie and 1983 's A Night in Heaven ?
","human (individual)"
952,"How many home runs did Lou Gehrig have during his career ?
","numeric (count)"
953,"In what city is the headquarters of Sinn Fein ?
","location (city)"
954,"Where can I find information on George Bush ?
","location (other)"
955,"Who is the voice of Miss Piggy ?
","human (individual)"
956,"What is the dialogue circle in cartoons called ?
","entity (term)"
957,"What does the word camaro mean , from the GM car the Camaro ?
","description (definition)"
958,"Who replaced Bert Parks as the host of The Miss America Pageant ?
","human (individual)"
959,"How many boys play the game in Winslow Homer 's 1872 painting Snap the Whip ?
","numeric (count)"
960,"What is the AIM-54C Phoenix ?
","description (definition)"
961,"When are sheep shorn ?
","numeric (date)"
962,"What sport is Chris Jogis a top player of ?
","entity (sport)"
963,"What 's the second-largest island in the world ?
","location (other)"
964,"What is the definition of low island ?
","description (definition)"
965,"What century does Captain Video live in ?
","numeric (date)"
966,"What types of water pollution are there ?
","entity (other)"
967,"How many astronauts manned each Project Mercury flight ?
","numeric (count)"
968,"What soft drink would provide me with the biggest intake of caffeine ?
","entity (food)"
969,"What 's the name of a golf course in Myrtle Beach ?
","entity (other)"
970,"What are some of the significant historical events of the 1990s ?
","entity (event)"
971,"Name the only extant trilogy of classical Greek plays .
","entity (creative)"
972,"Where is Logan Airport ?
","location (other)"
973,"What is the difference between Neoclassical art and Romanticism art ?
","description (description)"
974,"Who was the first person inducted into the U.S. Swimming Hall of Fame ?
","human (individual)"
975,"What golfer has been called Ohio Fats and Blobbo ?
","human (individual)"
976,"Who murdered Leno and Rosemary LaBianca on August 1
","human (individual)"
977,"What is the average cost for four years of medical school ?
","numeric (money)"
978,"What does God create in the first sentence of the Bible ?
","entity (other)"
979,"Which of the following men was not married to Rita Hayworth ?
","human (individual)"
980,"What is the current ticket fare from from Cairo to Barbados ?
","numeric (money)"
981,"What does NN O `` mean when used as a prefix in Irish surnames ?
","abbreviation (expression)"
982,"How do you find oxidation numbers ?
","description (manner)"
983,"What is the state nickname of Mississippi ?
","location (state)"
984,"What is Black Hills , South Dakota most famous for ?
","description (reason)"
985,"What 1966 boob tube bomb took astronauts back to prehistoric times ?
","entity (creative)"
986,"How many students attend the University of Massachusetts ?
","numeric (count)"
987,"Who said , `` I shall return . '' during World War Two ?
","human (individual)"
988,"What holidays are celebrated in Ireland ?
","entity (event)"
989,"Who portrayed Etta Place , companion to Butch Cassidey and the Sundance Kid ?
","human (individual)"
990,"What are the Greek numerals ?
","description (definition)"
991,"What 's the name of the temple that is located near the capital city of Laos ?
","location (other)"
992,"What is a fear of sleep ?
","entity (medicine)"
993,"What auto race was Wilbur Reed the first to win three times ?
","entity (sport)"
994,"What are the most common breeding birds in the U.S. ?
","entity (animal)"
995,"What was organized as a Confederate veterans ' social club in Pulaski , in Tennessee , in 1866 ?
","entity (event)"
996,"How do you look up criminal records on the Internet ?
","description (manner)"
997,"Where is the actress , Marion Davies , buried ?
","location (other)"
998,"What is an example of an actual case of using the Fourteenth Amendment ?
","description (description)"
999,"Who was the Charlie perfume woman ?
","human (individual)"
1000,"Who portrayed `` Rosanne Rosanna-Dana '' on the television show `` Saturday Night Live '' ?
","human (individual)"
